Track Album Name,Track Name,Artist Name,Track Popularity,Date Added
lovely (with Khalid),lovely (with Khalid),Billie Eilish,91,2020-12-12 21:28:27+00:00
Word To LA,War Scars,Booka600,25,2020-12-12 21:28:26+00:00
Rich And Blind,Rich And Blind,Juice WRLD,65,2020-12-12 21:28:26+00:00
Love Songs 4 The Streets 2,Bora Bora,Lil Durk,60,2020-12-12 21:28:25+00:00
All The Little Lights,Let Her Go,Passenger,76,2020-12-12 21:28:25+00:00
Cradles,Cradles,Sub Urban,77,2020-12-12 21:28:24+00:00
Come Over When You're Sober (Part One),Save That Shit,Lil Peep,79,2020-12-12 21:28:24+00:00
Culture II,Walk It Talk It,Migos,78,2020-12-12 21:28:23+00:00
Skateboard P (feat. Big Sean),Skateboard P (feat. Big Sean),MadeinTYO,54,2020-12-12 21:28:22+00:00
Savage Mode,Savage Mode,21 Savage,58,2020-12-12 21:28:22+00:00
Cocky (feat. London On Da Track),Cocky (feat. London On Da Track),A$AP Rocky,51,2020-12-12 21:28:21+00:00
The Bigger Artist,Undefeated (feat. 21 Savage),A Boogie Wit da Hoodie,51,2020-12-12 21:28:21+00:00
Culture II,BBO (Bad Bitches Only),Migos,62,2020-12-12 21:28:20+00:00
NOT ALL HEROES WEAR CAPES (Deluxe),10 Freaky Girls (with 21 Savage),Metro Boomin,81,2020-12-12 16:33:43+00:00
Sneakin’,Sneakin’,Drake,67,2020-12-12 16:33:43+00:00
iSpy (feat. Lil Yachty),iSpy (feat. Lil Yachty),KYLE,73,2020-12-12 16:33:42+00:00
Harder Than Ever,Yes Indeed,Lil Baby,84,2020-12-12 16:33:42+00:00
Camelot,Camelot,NLE Choppa,66,2020-12-12 16:33:40+00:00
Fearless,Blackout,Josh A,46,2020-12-12 16:33:39+00:00
Bandit (with YoungBoy Never Broke Again),Bandit (with YoungBoy Never Broke Again),Juice WRLD,73,2020-12-12 16:33:39+00:00
On the Inside (feat. 21 Savage),On the Inside (feat. 21 Savage),Godfather of Harlem,44,2020-12-12 16:33:38+00:00
A Love Letter To You 4,6 Kiss (feat. Juice WRLD & YNW Melly),Trippie Redd,66,2020-12-12 16:33:38+00:00
Tip Toe (feat. A Boogie Wit da Hoodie),Tip Toe (feat. A Boogie Wit da Hoodie),Roddy Ricch,47,2020-12-12 16:33:37+00:00
Woah,Woah,Lil Baby,65,2020-12-12 16:33:36+00:00
Rodeo,Antidote,Travis Scott,77,2020-12-12 16:33:32+00:00
The Kids Are Coming,Dance Monkey,Tones And I,72,2020-12-12 16:33:32+00:00
UP THE SMOKE (with Offset),UP THE SMOKE (with Offset),Stunna 4 Vegas,56,2020-12-12 16:33:31+00:00
All The Way Up (feat. Infared),All The Way Up (feat. Infared),Fat Joe,64,2020-12-12 16:33:31+00:00
Drip Harder,"Never Recover (Lil Baby & Gunna, Drake)",Lil Baby,74,2020-12-12 16:33:30+00:00
Start Wit Me (feat. Gunna),Start Wit Me (feat. Gunna),Roddy Ricch,49,2020-12-12 16:08:41+00:00
The Return of East Atlanta Santa,Both (feat. Drake),Gucci Mane,70,2020-12-12 16:08:40+00:00
Top Boy (A Selection of Music Inspired by the Series),100 Thoughts,Various Artists,48,2020-12-12 16:08:40+00:00
Culture,Slippery (feat. Gucci Mane),Migos,71,2020-12-12 16:08:40+00:00
Goddamn (feat. A Boogie wit da Hoodie),Goddamn (feat. A Boogie wit da Hoodie),Tyga,54,2020-12-12 16:08:39+00:00
Legendary (Deluxe Edition),SWISH,Tyga,61,2020-12-12 16:08:39+00:00
So Much Fun,Bad Bad Bad (feat. Lil Baby),Young Thug,70,2020-12-12 16:08:39+00:00
Silver Side Up,How You Remind Me,Nickelback,85,2020-12-12 16:08:38+00:00
Baby,Baby,Quality Control,61,2020-12-12 16:08:38+00:00
QUAVO HUNCHO,FLIP THE SWITCH (feat. Drake),Quavo,66,2020-12-12 16:08:37+00:00
HIGHEST IN THE ROOM,HIGHEST IN THE ROOM,Travis Scott,86,2020-12-12 16:08:37+00:00
My Blood And A Few Others From Trench,Nico and the Niners,Twenty One Pilots,67,2020-12-12 16:08:36+00:00
Culture,Bad and Boujee (feat. Lil Uzi Vert),Migos,76,2020-12-12 16:08:36+00:00
Undefeated (feat. Lil Keed),Undefeated (feat. Lil Keed),Future,48,2020-12-12 16:08:36+00:00
i am > i was,can't leave without it,21 Savage,77,2020-12-12 16:08:35+00:00
Hollywood's Bleeding,Goodbyes (feat. Young Thug),Post Malone,81,2020-12-12 16:08:35+00:00
racine carrée,Tous les mêmes,Stromae,74,2020-12-12 16:08:35+00:00
ATLAS,Higher,The Score,60,2020-12-12 16:08:34+00:00
Fight With Tools,Handlebars,Flobots,63,2020-12-12 16:08:34+00:00
QUAVO HUNCHO,PASS OUT (feat. 21 Savage),Quavo,51,2020-12-12 16:08:33+00:00
Baby On Baby,Baby Sitter (feat. Offset),DaBaby,62,2020-12-12 16:08:33+00:00
Off Deez (with J. Cole),Off Deez (with J. Cole),JID,65,2020-12-12 16:08:33+00:00
Rover 2.0 (feat. 21 Savage),Rover 2.0 (feat. 21 Savage),BlocBoy JB,49,2020-12-12 16:08:31+00:00
KIRK,VIBEZ,DaBaby,70,2020-12-12 16:08:30+00:00
KIRK,iPHONE (with Nicki Minaj),DaBaby,51,2020-12-12 16:08:29+00:00
Graduation,Stronger,Kanye West,85,2020-12-12 16:08:28+00:00
Expectations,Expectations,Brika,32,2020-12-12 16:08:27+00:00
Top Boy (A Selection of Music Inspired by the Series),Behind Barz - Bonus,Various Artists,67,2020-12-12 16:08:27+00:00
Savage Mode,Ocean Drive,21 Savage,59,2020-12-12 16:08:26+00:00
Revenge Of The Dreamers III,"Costa Rica (with Bas & JID feat. Guapdad 4000, Reese LAFLARE, Jace, Mez, Smokepurpp, Buddy & Ski Mask The Slump God)",Dreamville,68,2020-12-12 16:08:26+00:00
Soul Searching,Focus (feat. 21 Savage),Bazzi,62,2020-12-12 16:08:25+00:00
Hozier,Take Me To Church,Hozier,87,2020-12-12 16:08:25+00:00
Lalala,Lalala,Y2K,75,2020-12-12 16:08:25+00:00
Love Songs 4 The Streets 2,Die Slow (feat. 21 Savage),Lil Durk,53,2020-12-12 16:08:23+00:00
7 EP,Rodeo,Lil Nas X,66,2020-12-12 16:08:22+00:00
The Best In The World Pack,Money In The Grave (Drake ft. Rick Ross),Drake,79,2020-12-12 16:08:22+00:00
Panini,Panini,Lil Nas X,72,2020-12-12 16:08:22+00:00
Maria,Maria,grandson,43,2020-12-12 16:08:21+00:00
Got Your Six,Jekyll and Hyde,Five Finger Death Punch,68,2020-12-12 16:08:21+00:00
Got Your Six,I Apologize,Five Finger Death Punch,57,2020-12-12 16:08:21+00:00
Homicide,Homicide,Logic,61,2020-12-12 16:08:20+00:00
Isis,Isis,Joyner Lucas,59,2020-12-12 16:08:20+00:00
Baby On Baby,Goin Baby,DaBaby,63,2020-12-12 16:08:20+00:00
Dreams Worth More Than Money,R.I.C.O. (feat. Drake),Meek Mill,71,2020-12-12 16:08:19+00:00
Father Of Asahd,Wish Wish (feat. Cardi B & 21 Savage),DJ Khaled,58,2020-12-12 16:08:18+00:00
CrasH Talk,Floating (feat. 21 Savage),ScHoolboy Q,59,2020-12-12 16:08:18+00:00
Invasion of Privacy,Bartier Cardi (feat. 21 Savage),Cardi B,65,2020-12-12 16:08:17+00:00
Baby On Baby,Suge,DaBaby,72,2020-12-12 16:08:17+00:00
STOKELEY,Faucet Failure,Ski Mask The Slump God,76,2020-12-12 16:08:16+00:00
So Far Gone,Unstoppable (feat. Santigold & Lil Wayne),Drake,49,2020-12-12 16:08:16+00:00
More Life,KMT,Drake,66,2020-12-12 16:08:15+00:00
Pimpin' Ain't Eazy,Pimpin Ain't Eazy,Kodak Black,58,2020-12-12 16:08:15+00:00
STOKELEY,Nuketown (feat. Juice WRLD),Ski Mask The Slump God,77,2020-12-12 16:08:14+00:00
FATHER OF 4,Legacy (feat. Travis Scott & 21 Savage),Offset,65,2020-12-12 16:08:14+00:00
Wow. (Remix),Wow. - Remix,Post Malone,62,2020-12-12 16:08:13+00:00
Be Like Me (feat. Lil Wayne),Be Like Me (feat. Lil Wayne),Lil Pump,51,2020-12-12 16:08:12+00:00
Have Mercy,Have Mercy,Cordae,60,2020-12-12 16:08:12+00:00
Uncle Drew (Original Motion Picture Soundtrack),Ballin,Various Artists,70,2020-12-12 16:08:11+00:00
Red Opps,Red Opps,21 Savage,65,2020-12-12 16:08:11+00:00
Numb Numb Juice,Numb Numb Juice,ScHoolboy Q,67,2020-12-12 16:08:11+00:00
Blurryface,Doubt,Twenty One Pilots,71,2020-12-12 16:08:10+00:00
Trench,Bandito,Twenty One Pilots,60,2020-12-12 16:08:10+00:00
Trench,Pet Cheetah,Twenty One Pilots,59,2020-12-12 16:08:10+00:00
Lock Me Up,Lock Me Up,The Cab,52,2020-12-12 16:08:09+00:00
Harverd Dropout,Esskeetit,Lil Pump,50,2020-12-12 16:08:08+00:00
Day69: Graduation Day,BILLY,6ix9ine,68,2020-12-12 16:08:08+00:00
Harverd Dropout,Butterfly Doors,Lil Pump,53,2020-12-12 16:08:08+00:00
FATHER OF 4,Tats On My Face,Offset,47,2020-12-12 16:08:07+00:00
ONEPOINTFIVE,BLACKJACK,Aminé,53,2020-12-12 16:08:07+00:00
FATHER OF 4,Clout (feat. Cardi B),Offset,69,2020-12-12 16:08:06+00:00
My Beautiful Dark Twisted Fantasy,POWER,Kanye West,81,2020-12-12 16:08:05+00:00
KIDS SEE GHOSTS,Reborn,KIDS SEE GHOSTS,71,2020-12-12 16:08:05+00:00
FATHER OF 4,Red Room,Offset,61,2020-12-12 16:08:05+00:00
Prepare for Black and Blue - EP,Oh Darlin' What Have I Done,The White Buffalo,57,2020-12-12 16:08:04+00:00
I AM YOU,Murder on My Mind,YNW Melly,81,2020-12-12 16:08:04+00:00
Origins (Deluxe),Natural,Imagine Dragons,84,2020-12-12 16:08:03+00:00
Savage Mode,Bad Guy,21 Savage,49,2020-12-12 16:08:02+00:00
Blur (Special Edition),Song 2 - 2012 Remaster,Blur,83,2020-12-12 16:08:01+00:00
Wow.,Wow.,Post Malone,84,2020-12-12 16:08:01+00:00
Startender (feat. Offset and Tyga),Startender (feat. Offset and Tyga),A Boogie Wit da Hoodie,50,2020-12-12 16:08:01+00:00
Three Days Grace,I Hate Everything About You,Three Days Grace,33,2020-12-12 16:08:00+00:00
One-X,Pain,Three Days Grace,69,2020-12-12 16:08:00+00:00
Red Teenage Melody,Still Cold / Pathway Private,Night Lovell,65,2020-12-12 16:08:00+00:00
Lil Pump,Boss,Lil Pump,60,2020-12-12 16:07:59+00:00
Woodstock,Feel It Still,Portugal. The Man,83,2020-12-12 16:07:59+00:00
“99”,"""99""",Barns Courtney,50,2020-12-12 16:07:59+00:00
Roses (with Juice WRLD feat. Brendon Urie),Roses (with Juice WRLD feat. Brendon Urie),benny blanco,64,2020-12-12 16:07:58+00:00
Bury Me Face Down,Bury Me Face Down,grandson,60,2020-12-12 16:07:57+00:00
a modern tragedy vol. 1,Overdose,grandson,51,2020-12-12 16:07:56+00:00
Scorpion,Nonstop,Drake,82,2020-12-12 16:07:55+00:00
Plain Jane REMIX (feat. Nicki Minaj),Plain Jane REMIX (feat. Nicki Minaj),A$AP Ferg,74,2020-12-12 16:07:55+00:00
i am > i was,out for the night,21 Savage,61,2020-12-12 16:07:54+00:00
i am > i was,a&t,21 Savage,56,2020-12-12 16:07:54+00:00
i am > i was,asmr,21 Savage,64,2020-12-12 16:07:53+00:00
i am > i was,1.5,21 Savage,64,2020-12-12 16:07:53+00:00
i am > i was,gun smoke,21 Savage,59,2020-12-12 16:07:53+00:00
i am > i was,good day,21 Savage,51,2020-12-12 16:07:52+00:00
i am > i was,ball w/o you,21 Savage,85,2020-12-12 16:07:52+00:00
i am > i was,pad lock,21 Savage,71,2020-12-12 16:07:51+00:00
i am > i was,monster,21 Savage,61,2020-12-12 16:07:50+00:00
i am > i was,letter 2 my momma,21 Savage,55,2020-12-12 16:07:50+00:00
i am > i was,4L,21 Savage,63,2020-12-12 16:07:49+00:00
"Sincerely, Tokyo",Ned Flanders (feat. A$AP Ferg),MadeinTYO,56,2020-12-12 16:07:49+00:00
Issa Album,Dead People,21 Savage,58,2020-12-12 16:07:48+00:00
Without Warning,Disrespectful,21 Savage,63,2020-12-12 16:07:47+00:00
Beauty Behind The Madness,The Hills,The Weeknd,90,2020-12-12 16:07:47+00:00
Black Panther The Album Music From And Inspired By,All The Stars (with SZA),Kendrick Lamar,87,2020-12-12 16:07:45+00:00
TESTING,Praise The Lord (Da Shine) (feat. Skepta),A$AP Rocky,84,2020-12-12 16:07:45+00:00
Black Panther The Album Music From And Inspired By,Pray For Me (with Kendrick Lamar),Kendrick Lamar,72,2020-12-12 16:07:44+00:00
DAMN.,LOVE. FEAT. ZACARI.,Kendrick Lamar,86,2020-12-12 16:07:43+00:00
Kamikaze,Kamikaze,Eminem,65,2020-12-12 16:07:42+00:00
Somethin 'Bout Kreay,Gucci Gucci,Kreayshawn,55,2020-12-12 16:07:41+00:00
NOT ALL HEROES WEAR CAPES,Don't Come Out The House (with 21 Savage),Metro Boomin,72,2020-12-12 16:07:41+00:00
NOT ALL HEROES WEAR CAPES,Space Cadet (feat. Gunna),Metro Boomin,85,2020-12-12 16:07:40+00:00
Still My Moment,Bitches On Bitches (feat. Lil Pump),Tee Grizzley,31,2020-12-12 16:07:40+00:00
Chapter One,Higher,Lemaitre,50,2020-12-12 16:07:39+00:00
In This House,In This House (feat. Gucci Mane),Lil Wayne,41,2020-12-12 16:07:38+00:00
Tha Carter V,Dedicate,Lil Wayne,59,2020-12-12 16:07:38+00:00
The Fear,The Fear,The Score,62,2020-12-12 16:07:37+00:00
Kamikaze,Venom - Music From The Motion Picture,Eminem,78,2020-12-12 16:07:37+00:00
Issa Album,FaceTime,21 Savage,51,2020-12-12 16:07:36+00:00
Issa Album,Thug Life,21 Savage,51,2020-12-12 16:07:33+00:00
Issa Album,Baby Girl,21 Savage,50,2020-12-12 16:07:33+00:00
Issa Album,Special,21 Savage,50,2020-12-12 16:07:33+00:00
Issa Album,Famous,21 Savage,52,2020-12-12 16:07:32+00:00
Issa Album,Nothin New,21 Savage,51,2020-12-12 16:07:31+00:00
Beach House 3 (Deluxe Edition),Clout (feat. 21 Savage),Ty Dolla $ign,50,2020-12-12 16:07:31+00:00
I Love,I Love,Joyner Lucas,62,2020-12-12 16:07:30+00:00
Scorpion,Mob Ties,Drake,71,2020-12-12 16:07:29+00:00
Trench,Morph,Twenty One Pilots,64,2020-12-12 16:07:28+00:00
Outstanding,Outstanding,MadeinTYO,36,2020-12-12 16:07:28+00:00
Tha Carter V,Mona Lisa (feat. Kendrick Lamar),Lil Wayne,70,2020-12-12 16:07:27+00:00
Trench,Chlorine,Twenty One Pilots,76,2020-12-12 16:07:27+00:00
Run,KOOKSEVERYWHERE!!!,AWOLNATION,32,2020-12-12 16:07:26+00:00
Run,"Like People, Like Plastic",AWOLNATION,35,2020-12-12 16:07:26+00:00
151 Rum,151 Rum,JID,73,2020-12-12 16:07:26+00:00
"Nervous (feat. Lil Baby, Jay Critch & Rich the Kid)","Nervous (feat. Lil Baby, Jay Critch & Rich the Kid)",Famous Dex,43,2020-12-12 16:07:25+00:00
Black Panther The Album Music From And Inspired By,"King's Dead (with Kendrick Lamar, Future & James Blake)",Kendrick Lamar,63,2020-12-12 16:07:25+00:00
Falling Down (Bonus Track),Falling Down - Bonus Track,Lil Peep,82,2020-12-12 16:07:24+00:00
W O R K I N M E,WORKIN ME,Quavo,51,2020-12-12 16:07:24+00:00
Droptopwop,Met Gala (feat. Offset),Gucci Mane,60,2020-12-12 16:07:22+00:00
I Love You.,Alleyways,The Neighbourhood,63,2020-12-12 16:07:22+00:00
Leave Me Alone,Leave Me Alone,Flipp Dinero,73,2020-12-12 16:07:21+00:00
Nephew (feat. Lil Pump),Nephew (feat. Lil Pump),Smokepurpp,51,2020-12-12 16:07:20+00:00
Without Warning,Rap Saved Me (feat. Quavo),21 Savage,69,2020-12-12 16:07:20+00:00
ONEPOINTFIVE,REEL IT IN,Aminé,76,2020-12-12 16:07:20+00:00
Relapse: Refill,Must Be The Ganja,Eminem,56,2020-12-12 16:07:19+00:00
Top Five (Music From And Inspired By The Motion Picture),Ni**as In Paris,Various Artists,86,2020-12-12 16:07:18+00:00
KIDS SEE GHOSTS,4th Dimension,KIDS SEE GHOSTS,71,2020-12-12 16:07:18+00:00
ye,Yikes,Kanye West,68,2020-12-12 16:07:17+00:00
ye,All Mine,Kanye West,78,2020-12-12 16:07:17+00:00
Deadstar,Audi.,Smokepurpp,60,2020-12-12 16:07:16+00:00
I Love It,I Love It (& Lil Pump),Kanye West,75,2020-12-12 16:07:16+00:00
Lil Pump,What U Sayin' (feat. Smokepurpp),Lil Pump,40,2020-12-12 16:07:15+00:00
Issa Album,Numb,21 Savage,60,2020-12-12 16:07:14+00:00
Self Entitled,On Top,Josh A,23,2020-12-12 16:07:13+00:00
Self Entitled,Right Now,Josh A,36,2020-12-12 16:07:13+00:00
We’re Tired,We’re Tired,The Blancos,35,2020-12-12 16:07:13+00:00
Kamikaze,Greatest,Eminem,63,2020-12-12 16:07:12+00:00
Kamikaze,Lucky You (feat. Joyner Lucas),Eminem,76,2020-12-12 16:07:11+00:00
Jumpsuit / Levitate / Nico And The Niners,Levitate,Twenty One Pilots,61,2020-12-12 16:07:10+00:00
Kamikaze,The Ringer,Eminem,67,2020-12-12 16:07:10+00:00
FEFE (feat. Nicki Minaj & Murda Beatz),FEFE (feat. Nicki Minaj & Murda Beatz),6ix9ine,71,2020-12-12 16:07:06+00:00
Both (feat. Drake & Lil Wayne) [Remix],Both (feat. Drake & Lil Wayne) - Remix,Gucci Mane,52,2020-12-12 16:07:06+00:00
Luv Is Rage,7AM,Lil Uzi Vert,69,2020-12-12 16:07:05+00:00
The Bigger Artist,Drowning (feat. Kodak Black),A Boogie Wit da Hoodie,81,2020-12-12 16:07:04+00:00
To Pimp A Butterfly,Alright,Kendrick Lamar,83,2020-12-12 16:07:04+00:00
Purple Lamborghini (with Rick Ross),Purple Lamborghini (with Rick Ross),Skrillex,68,2020-12-12 16:07:03+00:00
a modern tragedy vol. 1,Despicable,grandson,58,2020-12-12 16:06:59+00:00
Goodbye & Good Riddance,Lucid Dreams,Juice WRLD,87,2020-12-12 16:06:58+00:00
Lil Pump,Gucci Gang,Lil Pump,66,2020-12-12 16:06:57+00:00
Taste (feat. Offset),Taste (feat. Offset),Tyga,73,2020-12-12 16:06:57+00:00
Rolling Papers,Black and Yellow,Wiz Khalifa,78,2020-12-12 16:06:46+00:00
Drug Addicts,Drug Addicts,Lil Pump,49,2020-12-12 16:06:46+00:00
beerbongs & bentleys,Better Now,Post Malone,83,2020-12-12 16:06:45+00:00
Operation X (Remix),Operation X,Wil Akogu,8,2020-12-12 16:06:44+00:00
Birds In The Trap Sing McKnight,goosebumps,Travis Scott,89,2020-12-12 16:06:44+00:00
DAMN.,DNA.,Kendrick Lamar,82,2020-12-12 16:06:43+00:00
Sadnecessary,Flashed Junk Mind,Milky Chance,69,2020-12-12 16:06:42+00:00
Still Striving,Plain Jane,A$AP Ferg,76,2020-12-12 16:06:42+00:00
DAMN.,HUMBLE.,Kendrick Lamar,87,2020-12-12 16:06:42+00:00
This Is America,This Is America,Childish Gambino,71,2020-12-12 16:06:40+00:00
The Birth of a Nation: The Inspired By Album,Go Tell 'Em,Various Artists,28,2020-12-12 16:06:40+00:00
Worst In Me,Worst in Me,Unlike Pluto,56,2020-12-12 16:06:40+00:00
Mosh Pit,Mosh Pit,Myles Parrish,23,2020-12-12 16:06:39+00:00
Mask Off (Marshmello Remix),Mask Off - Marshmello Remix,Future,64,2020-12-12 16:06:39+00:00
thoughts & prayers,thoughts & prayers,grandson,52,2020-12-12 16:06:38+00:00
Black Panther The Album Music From And Inspired By,X (with 2 Chainz & Saudi),Kendrick Lamar,65,2020-12-12 16:06:38+00:00
Overdose,Overdose,grandson,46,2020-12-12 16:06:37+00:00
Bed of Liars,Violence,The Unlikely Candidates,47,2020-12-12 16:06:36+00:00
We Sell Drugs,Inside My Head,Tribe Society,20,2020-12-12 16:06:35+00:00
Look Alive (feat. Drake),Look Alive (feat. Drake),BlocBoy JB,74,2020-12-12 16:06:35+00:00
Photograph,We Will Rock You,Nickelback,46,2020-12-12 16:06:35+00:00
MANIA,Young And Menace,Fall Out Boy,51,2020-12-12 16:06:34+00:00
Back to You (feat. Bebe Rexha & Digital Farm Animals),Back to You (feat. Bebe Rexha & Digital Farm Animals),Louis Tomlinson,68,2020-12-12 16:06:34+00:00
Revolution Radio,Say Goodbye,Green Day,47,2020-12-12 16:06:33+00:00
Hybrid Theory (Bonus Edition),In the End,Linkin Park,90,2020-12-12 16:06:32+00:00
Dookie,Basket Case,Green Day,85,2020-12-12 16:06:32+00:00
Luv Is Rage 2,XO Tour Llif3,Lil Uzi Vert,85,2020-12-12 16:06:31+00:00
Vessel,Migraine,Twenty One Pilots,68,2020-12-12 16:06:30+00:00
Megalithic Symphony,Soul Wars,AWOLNATION,39,2020-12-12 16:06:29+00:00
Umut Kaya,Mor Yazma,Umut Kaya,63,2020-12-12 16:06:29+00:00
"TheSoundYouNeed, Vol. 1",Shiner,Various Artists,31,2020-12-12 16:06:29+00:00
Smoke + Mirrors,Friction,Imagine Dragons,55,2020-12-12 16:06:28+00:00
Loner,Everybody Gets High,MISSIO,61,2020-12-12 16:06:27+00:00
West Coast,West Coast,MISSIO,45,2020-12-12 16:06:27+00:00
Complicated (feat. Kiiara),Complicated (feat. Kiiara),Dimitri Vegas & Like Mike,58,2020-12-12 16:06:26+00:00
Colonel Bagshot,Six Day War,Colonel Bagshot,48,2020-12-12 16:06:26+00:00
Revival,Heat,Eminem,49,2020-12-12 16:06:26+00:00
Torches,Pumped Up Kicks,Foster The People,86,2020-12-12 16:06:25+00:00
Meet Me,Meet Me,Mickey Valen,53,2020-12-12 16:06:24+00:00
Evil Morty Theme (The Damaged Coda),Evil Morty Theme (For The Damaged Coda),Acein,34,2020-12-12 16:06:24+00:00
Wallflower EP,Vogue,Mia Vaile,24,2020-12-12 16:06:24+00:00
Crooked Teeth,Born For Greatness,Papa Roach,65,2020-12-12 16:06:23+00:00
abaddon,abaddon,longlost,28,2020-12-12 16:06:23+00:00
The Click,Drama,AJR,44,2020-12-12 16:06:22+00:00
Elephant,Seven Nation Army,The White Stripes,88,2020-12-12 16:06:22+00:00
The Marshall Mathers LP2 (Deluxe),Rap God,Eminem,80,2020-12-12 16:06:22+00:00
Shades of Black,My Love,Kovacs,57,2020-12-12 16:06:21+00:00
I Can't Go on Without You,I Can't Go on Without You,KALEO,46,2020-12-12 16:06:20+00:00
A/B,Way down We Go,KALEO,86,2020-12-12 16:06:19+00:00
Let You Down,Let You Down,NF,83,2020-12-12 16:06:19+00:00
Legendary,Legendary,Welshly Arms,67,2020-12-12 16:06:19+00:00
Shades of Black,The Devil You Know,Kovacs,46,2020-12-12 16:06:18+00:00
Blood / / Water,Blood // Water,grandson,76,2020-12-12 16:06:17+00:00
Blurryface,Message Man,Twenty One Pilots,64,2020-12-12 16:06:17+00:00
Carpe Diem,Carpe Diem,Nate Good,16,2020-12-12 16:06:16+00:00
Blurryface,Polarize,Twenty One Pilots,64,2020-12-12 16:06:16+00:00
Smoke + Mirrors,I Bet My Life,Imagine Dragons,67,2020-12-12 16:06:15+00:00
Roots,Roots,Imagine Dragons,68,2020-12-12 16:06:15+00:00
Smoke + Mirrors (Deluxe),Who We Are,Imagine Dragons,54,2020-12-12 16:06:14+00:00
Evolve,Yesterday,Imagine Dragons,57,2020-12-12 16:06:14+00:00
Evolve,Rise Up,Imagine Dragons,68,2020-12-12 16:06:13+00:00
Smoke + Mirrors,Dream,Imagine Dragons,62,2020-12-12 16:06:12+00:00
Evolve,Believer,Imagine Dragons,90,2020-12-12 16:06:11+00:00
Smoke + Mirrors,I’m So Sorry,Imagine Dragons,67,2020-12-12 16:06:11+00:00
The Human Condition,All Time Low,Jon Bellion,70,2020-12-12 16:06:10+00:00
What Everyone's Thinking,Weak,AJR,66,2020-12-12 16:06:10+00:00
Everything Black (feat. Mike Taylor),Everything Black,Unlike Pluto,74,2020-12-12 16:06:10+00:00
Class,Under the Storm,The LaFontaines,31,2020-12-12 16:06:09+00:00
By the Way (Deluxe Edition),Can't Stop,Red Hot Chili Peppers,87,2020-12-12 16:06:09+00:00
Lock Me Up,Lock Me Up,The Cab,52,2020-12-12 16:06:08+00:00
Heathens,Heathens,Twenty One Pilots,84,2020-12-12 16:06:08+00:00
Favourite Worst Nightmare,Fluorescent Adolescent,Arctic Monkeys,81,2020-12-12 16:06:07+00:00
AM,R U Mine?,Arctic Monkeys,85,2020-12-12 16:06:06+00:00
AM,Do I Wanna Know?,Arctic Monkeys,90,2020-12-12 16:06:06+00:00
Lunatic,Come with Me Now,KONGOS,69,2020-12-12 16:06:04+00:00
Lock Me Up,Stand Up,The Cab,57,2020-12-12 16:06:04+00:00
Megatron,Megatron,Crazy Town,37,2020-12-12 16:06:04+00:00
Full Of War,Walking Separate Ways,Conditions,32,2020-12-12 16:06:03+00:00
OMENS (Deluxe),DO OR DIE,3OH!3,25,2020-12-12 16:06:02+00:00
Eyes on Fire,Eyes on Fire - Zeds Dead Remix,Blue Foundation,59,2020-12-12 16:06:02+00:00
Welcome,Poem,Taproot,59,2020-12-12 15:04:24+00:00
Zella Day,East of Eden,Zella Day,61,2020-12-12 15:04:23+00:00
